,,GeneID,Fprimer,Rprimer
Zm019994,GRMZM2G003165,GRMZM2G003165,TGGGATAAACTTCTATCAGTCACC,CCGATCGAGAGCACCATTATAA
Zm016565,GRMZM2G015333,GRMZM2G015333,CAAGATCTTCGACGACACGA,CTCCAGCACCATATACACCTC
Zm021781,GRMZM2G019974,GRMZM2G019974,TTGACGAAGCAATACGCCAATA,ATTTTGGAGACCGTATCGTTGT
Zm051872,GRMZM2G081843,GRMZM2G081843,CTATAAAAAGCTCCGGAAAGCC,CCCTCCATCTATTAATTCCCCC
Zm026510,GRMZM2G084576,GRMZM2G084576,GCGGTTTGTGTCTAAATCATCA,CATCCTCCATGAATGTGTGTTC
Zm001820,GRMZM2G084958,GRMZM2G084958,CAAGAAGCTCTGGGAGATCAG,GGTACACATAATACAACGAAGCG
Zm047096,GRMZM2G094990,GRMZM2G094990,GTTTAAGCGTCCCCATTTAACC,CTATGTGTTCCGATGGTGTGAG
Zm049692,GRMZM2G105387,GRMZM2G105387,AGCACCCATTTACCTCACTAAA,GAATAGCCACTCAGTACAGTCA
Zm042178,GRMZM2G132506,GRMZM2G132506,CCACTCAAACCTCTTCTTCCTT,GAGTGGTGGTTGTGGCTCTC
Zm001982,GRMZM2G388823,,,
,,,,
,,,,
,,,,
,,,,
Zm019994-qFW,TGGGATAAACTTCTATCAGTCACC,,,
Zm016565-qFW,CAAGATCTTCGACGACACGA,,,
Zm021781-qFW,TTGACGAAGCAATACGCCAATA,,,
Zm051872-qFW,CTATAAAAAGCTCCGGAAAGCC,,,
Zm026510-qFW,GCGGTTTGTGTCTAAATCATCA,,,
Zm001820-qFW,CAAGAAGCTCTGGGAGATCAG,,,
Zm047096-qFW,GTTTAAGCGTCCCCATTTAACC,,,
Zm049692-qFW,AGCACCCATTTACCTCACTAAA,,,
Zm042178-qFW,CCACTCAAACCTCTTCTTCCTT,,,
Zm019994-qRV,CCGATCGAGAGCACCATTATAA,,,
Zm016565-qRV,CTCCAGCACCATATACACCTC,,,
Zm021781-qRV,ATTTTGGAGACCGTATCGTTGT,,,
Zm051872-qRV,CCCTCCATCTATTAATTCCCCC,,,
Zm026510-qRV,CATCCTCCATGAATGTGTGTTC,,,
Zm001820-qRV,GGTACACATAATACAACGAAGCG,,,
Zm047096-qRV,CTATGTGTTCCGATGGTGTGAG,,,
Zm049692-qRV,GAATAGCCACTCAGTACAGTCA,,,
Zm042178-qRV,GAGTGGTGGTTGTGGCTCTC,,,
